Index,Peak,3% deadline,Start,End,Trough,Depth,First callout,Loss at callout,Lead sessions,Captured,Timing,Trigger
^GSPC,2020-02-19,2020-02-21,2020-02-27,2020-03-24,2020-03-23,-0.35410426495004477,2020-02-21,-0.016434268609075042,4.0,True,Early decline,Price break + risk groups
^GSPC,2020-09-02,2020-09-02,2020-09-21,2020-10-12,2020-09-24,-0.10553192207417361,2020-08-31,0.0,14.0,True,Before peak,Near-high volatility divergence
^GSPC,2022-01-04,2022-01-05,2022-01-24,2022-03-25,2022-02-24,-0.14609373590849462,2022-01-05,-0.024496647627702317,12.0,True,Early decline,Price / volatility shock
^GSPC,2022-03-29,2022-04-05,2022-04-27,2022-07-27,2022-06-17,-0.21573539120518803,2022-03-31,-0.023049975834957492,18.0,True,Early decline,Price break + risk groups
^GSPC,2022-08-16,2022-08-19,2022-09-06,2022-10-25,2022-10-13,-0.1927504689736811,2022-08-19,-0.022380009963679837,11.0,True,Early decline,Price break + risk groups
^GSPC,2023-07-27,2023-08-07,2023-10-26,2023-11-20,2023-10-27,-0.10924298052023684,2023-08-02,-0.020333897916532173,60.0,True,Early decline,Price / volatility shock
^GSPC,2025-02-19,2025-02-24,2025-03-11,2025-04-09,2025-04-07,-0.21348597693538895,2025-02-21,-0.021846574768404348,12.0,True,Early decline,Price / volatility shock
^NDX,2020-02-19,2020-02-20,2020-02-27,2020-03-04,2020-02-28,-0.16460829259212006,2020-02-21,-0.029772278482942505,4.0,False,Late,Price break + risk groups
^NDX,2020-03-04,2020-03-03,2020-03-09,2020-03-13,2020-03-12,-0.1895072969111573,,,,False,No warning,
^NDX,2020-03-13,2020-03-12,2020-03-16,2020-03-24,2020-03-23,-0.1533535177573362,,,,False,No warning,
^NDX,2020-09-02,2020-09-02,2020-09-04,2020-10-12,2020-09-21,-0.1416161120072903,2020-08-31,0.0,4.0,True,Before peak,Near-high volatility divergence
^NDX,2020-10-12,2020-10-14,2020-10-30,2020-11-05,2020-11-02,-0.10222574394702877,,,,False,No warning,
^NDX,2021-02-16,2021-02-19,2021-03-04,2021-04-05,2021-03-05,-0.12041841754284355,,,,False,No warning,
^NDX,2021-11-22,2021-11-22,2022-01-19,2022-02-02,2022-01-24,-0.18133225562024735,,,,False,No warning,
^NDX,2022-02-02,2022-02-02,2022-02-23,2022-03-18,2022-03-14,-0.14319180490548422,,,,False,No warning,
^NDX,2022-03-29,2022-03-31,2022-04-21,2022-05-27,2022-05-20,-0.24716843048684767,2022-03-31,-0.027967110612412305,14.0,True,Early decline,Price break + risk groups
^NDX,2022-06-02,2022-06-01,2022-06-13,2022-07-19,2022-06-16,-0.14424510074941854,,,,False,No warning,
^NDX,2022-08-16,2022-08-18,2022-08-30,2022-10-25,2022-10-13,-0.23907091223961607,,,,False,No warning,
^NDX,2022-12-13,2022-12-12,2022-12-22,2023-01-23,2022-12-28,-0.12289736309723143,,,,False,No warning,
^NDX,2023-07-19,2023-07-19,2023-10-26,2023-11-10,2023-10-26,-0.11760694634605129,2023-08-02,-0.03523147223324352,60.0,False,Late,Price / volatility shock
^NDX,2024-07-10,2024-07-16,2024-08-02,2024-08-15,2024-08-05,-0.15734303261244786,2024-07-11,-0.023179740332461174,16.0,True,Early decline,Price break + risk groups
^NDX,2025-02-19,2025-02-21,2025-03-06,2025-04-09,2025-04-07,-0.2556140037560283,2025-02-21,-0.027383341290225904,9.0,True,Early decline,Price / volatility shock
^NDX,2025-10-29,2025-11-04,2026-03-27,2026-04-13,2026-03-30,-0.1275940332265716,2025-11-04,-0.028508041820975216,98.0,True,Early decline,Price break + risk groups
^NDX,2026-06-03,2026-06-04,2026-07-28,2026-08-13,2026-07-29,-0.11657716330271917,,,,False,No warning,
